WazaId	ChargeFrame	AttackLoopFrame	SpawnOrigin	SpawnLocator	SpawnOffsetX	SpawnOffsetY	SpawnOffsetZ	ShotDirection	CorrectTargetType	ImpactMotionSpeed	PlayWazaMoveType	WazaRangeMin	WazaRangeMax	HeightTolerance	EffectiveRange	MinShootNum	MaxShootNum	HitPer	WazaRecastTime	EffectTime	EffectValue	AddMegaPowerValue	PlayedMotionSpeed	OverwriteBulletId1	ReplaceBulletId1	OverwriteBulletId2	ReplaceBulletId2	OverwriteBulletId3	ReplaceBulletId3	OverwriteBulletId4	ReplaceBulletId4	OverwriteBulletId5	ReplaceBulletId5	BulletCorrectScale
7	10	20	0	eff_front01	0	0	0.5	0	0	2	1	0.5	2	2	99	1	1	100	7	0	0	5.75	1	0	0	0	0	0	0	0	0	0	0	1
8	10	20	0	eff_front01	0	0	0.5	0	0	2	1	0.5	2	2	99	1	1	100	7	0	0	5.75	1	0	0	0	0	0	0	0	0	0	0	1
9	10	20	0	eff_front01	0	0	0.5	0	0	2	1	0.5	2	2	99	1	1	100	7	0	0	5.75	1	0	0	0	0	0	0	0	0	0	0	1
14	25	20	0	eff_center01	0	0	0	0	0	1	0	0	99	0	99	1	1	100	15	20	0	5.75	1	0	0	0	0	0	0	0	0	0	0	1
16	12	10	1	origin	0	0	0	0	0	1	3	1	99	0	99	1	1	100	6	0	0	5.75	1	0	0	0	0	0	0	0	0	0	0	1
17	10	20	0	eff_front01	0	0	0.5	0	0	1	1	0.5	2	2	99	1	1	100	6	0	0	5.75	1	0	0	0	0	0	0	0	0	0	0	1
18	25	20	0	eff_rangeattack02	0	0	0	0	0	1	3	1	99	0	12	1	1	100	7	0	0	5.75	1	0	0	0	0	0	0	0	0	0	0	1
19	40	20	7	origin	0	0	0	0	0	1	1	0.5	8	2	7	1	1	100	12	0	0	5.75	1	0	0	0	0	0	0	0	0	0	0	1
22	10	20	0	eff_front01	0	0	0.5	0	0	2	1	0.5	2	2	99	1	1	100	6	0	0	5.75	1	0	0	0	0	0	0	0	0	0	0	1
29	15	20	0	eff_front01	0	0	0.5	0	0	1	1	0.5	2	2	99	1	1	100	7	0	0	5.75	1	0	0	0	0	0	0	0	0	0	0	1
33	1	20	0	eff_front01	0	0	0.5	0	0	1	1	0.5	1.5	2	99	1	1	100	4	0	0	5.75	1	0	0	0	0	0	0	0	0	0	0	1
34	15	20	0	origin	0	0	2	0	0	2	1	0	2	2	99	1	1	100	8	0	0	5.75	1	0	0	0	0	0	0	0	0	0	0	1
36	15	24	0	origin	0	0	0	0	0	1	1	0	6	2	5	1	1	100	8	0	0	5.75	1	0	0	0	0	0	0	0	0	0	0	1
38	15	20	0	origin	0	0	0	0	0	1	1	0	6	2	5	1	1	100	10	0	0	5.75	1	0	0	0	0	0	0	0	0	0	0	1
39	30	20	0	eff_center01	0	0	3	0	0	1	1	0.5	4	2	3	1	1	100	7	12	0	5.75	1	0	0	0	0	0	0	0	0	0	0	1
40	10	20	0	eff_rangeattack02	0	0	0	0	0	1	3	1	99	0	12	1	1	100	6	0	0	5.75	1	0	0	0	0	0	0	0	0	0	0	1
42	20	30	0	eff_rangeattack02	0	0	0	0	0	1	3	1	99	0	12	5	5	100	6	0	0	5.75	1	0	0	0	0	0	0	0	0	0	0	1
43	30	20	0	eff_front01	0	0	0	0	0	1	1	0.5	4.5	2	3.5	1	1	100	6	12	0	5.75	1	0	0	0	0	0	0	0	0	0	0	1
44	10	20	0	eff_front01	0	0	0.3	0	0	2	1	0.5	2	2	99	1	1	100	6	0	0	5.75	1	0	0	0	0	0	0	0	0	0	0	1
45	30	20	0	eff_front01	0	0	0	0	0	1	1	0.5	2.5	2	1.5	1	1	100	6	12	0	5.75	1	0	0	0	0	0	0	0	0	0	0	1
46	30	20	0	eff_front01	0	0	0	0	0	1	1	0.5	5	2	4	1	1	100	6	0	0	5.75	1	0	0	0	0	0	0	0	0	0	0	1
48	10	30	0	eff_rangeattack02	0	0	0	0	0	1	1	0.5	3	2	2	1	1	100	6	0	0	5.75	1	0	0	0	0	0	0	0	0	0	0	1
52	20	15	0	eff_rangeattack02	0	0	0	0	0	1	3	1	99	0	12	1	1	100	6	0	0	5.75	1	0	0	0	0	0	0	0	0	0	0	1
53	20	30	0	eff_rangeattack02	0	0	0	0	0	1	3	0.5	99	0	4	1	1	100	8	0	0	5.75	1	0	0	0	0	0	0	0	0	0	0	1
54	20	20	4	origin	0	0	0	0	0	1	0	0	99	0	99	1	1	100	10	10	0	5.75	1	0	0	0	0	0	0	0	0	0	0	1
55	20	15	0	eff_rangeattack02	0	0	0	0	0	1	3	1	99	0	12	1	1	100	6	0	0	5.75	1	0	0	0	0	0	0	0	0	0	0	1
56	50	50	0	eff_rangeattack02	0	0	0	0	0	1	3	0	99	0	19	1	1	100	12	0	0	5.75	1	0	0	0	0	0	0	0	0	0	0	1
57	20	43	0	origin	0	0.04	0	0	0	1	1	0	6	2	5	1	1	100	8	0	0	5.75	1	0	0	0	0	0	0	0	0	0	0	1
58	30	45	0	eff_rangeattack02	0	0	0	0	0	1	3	0	99	0	19	1	1	100	8	0	0	5.75	1	0	0	0	0	0	0	0	0	0	0	1
59	35	30	1	origin	0	0	0	0	0	1	3	1	99	0	99	1	1	100	12	0	0	5.75	1	0	0	0	0	0	0	0	0	0	0	1
60	30	30	0	eff_rangeattack02	0	0	0	0	0	1	3	0	99	0	19	1	1	100	6	0	0	5.75	1	0	0	0	0	0	0	0	0	0	0	1
61	15	20	0	eff_rangeattack02	0	0	0	0	0	1	3	0.5	99	0	5	1	1	100	6	8	0	5.75	1	0	0	0	0	0	0	0	0	0	0	1
63	35	60	0	eff_rangeattack02	0	0	0	0	0	1	3	0	99	0	19	1	1	100	20	0	0	5.75	1	0	0	0	0	0	0	0	0	0	0	1
64	10	20	0	eff_front01	0	0	0.5	0	0	2	1	0.5	2	2	99	1	1	100	6	0	0	5.75	1	0	0	0	0	0	0	0	0	0	0	1
71	10	25	0	eff_front01	0	0	0.5	0	0	1	1	0.5	3	2	99	1	1	100	7	0	0	5.75	1	0	0	0	0	0	0	0	0	0	0	1
73	20	10	0	eff_rangeattack02	0	0	0	0	0	1	3	1	99	0	15	1	1	100	12	0	0	5.75	1	0	0	0	0	0	0	0	0	0	0	1
74	40	20	0	eff_center01	0	0	0	0	0	1	0	0	99	0	99	1	1	100	15	12	0	5.75	1	0	0	0	0	0	0	0	0	0	0	1
75	15	20	0	eff_rangeattack02	0	0	0	0	0	1	3	0.5	99	0	2	1	1	100	6	0	0	5.75	1	0	0	0	0	0	0	0	0	0	0	1
76	70	30	0	eff_rangeattack02	0	0	0	0	0	1	3	0	99	0	19	1	1	100	12	0	0	5.75	1	0	0	0	0	0	0	0	0	0	0	1
77	15	30	0	eff_rangeattack02	0	0	0	0	0	1	1	0.5	2	2	1	1	1	100	10	0	0	5.75	1	0	0	0	0	0	0	0	0	0	0	1
78	15	30	0	eff_rangeattack02	0	0	0	0	0	1	1	0.5	2	2	1	1	1	100	10	0	0	5.75	1	0	0	0	0	0	0	0	0	0	0	1
79	15	30	0	eff_rangeattack02	0	0	0	0	0	1	1	0.5	2	2	1	1	1	100	10	0	0	5.75	1	0	0	0	0	0	0	0	0	0	0	1
81	20	20	0	eff_rangeattack02	0	0	0	0	0	1	3	1	99	0	8	1	1	100	9	15	0	5.75	1	0	0	0	0	0	0	0	0	0	0	1
83	10	30	5	origin	0	0	0	0	0	1	3	0.5	99	0	99	1	1	100	7	0	0	5.75	1	0	0	0	0	0	0	0	0	0	0	1
84	25	15	1	eff_center01	0	0	0	0	0	1	3	1	99	0	99	1	1	100	6	0	0	5.75	1	0	0	0	0	0	0	0	0	0	0	1
85	25	20	1	eff_center01	0	0	0	0	0	1	3	1	99	0	99	1	1	100	8	0	0	5.75	1	0	0	0	0	0	0	0	0	0	0	1
86	15	30	0	eff_rangeattack02	0	0	0	0	0	1	3	1	99	0	2.5	1	1	100	10	0	0	5.75	1	0	0	0	0	0	0	0	0	0	0	1
87	30	10	1	origin	0	0	0	0	0	1	3	1	99	0	99	1	1	100	10	0	0	5.75	1	0	0	0	0	0	0	0	0	0	0	1
88	20	30	1	eff_center01	0	5	0	1	0	1	3	1	99	0	99	1	1	100	6	0	0	5.75	1	0	0	0	0	0	0	0	0	0	0	1
89	18	33	4	origin	0	0	0	0	0	1	1	0.5	2	2	99	1	1	100	10	0	0	5.75	1	0	0	0	0	0	0	0	0	0	0	1
91	40	20	6	origin	0	0	0	0	0	1	1	0.5	8	2	7	1	1	100	12	0	0	5.75	1	0	0	0	0	0	0	0	0	0	0	1
92	20	20	5	origin	0	0	0	0	0	1	1	0.5	3	2	2	1	1	100	10	0	0	5.75	1	0	0	0	0	0	0	0	0	0	0	1
93	20	30	1	eff_center01	0	0	0	0	0	1	3	1	99	0	99	1	1	100	6	0	0	5.75	1	0	0	0	0	0	0	0	0	0	0	1
94	20	30	1	eff_center01	0	0	0	0	0	1	3	1	99	0	99	1	1	100	8	15	0	5.75	1	0	0	0	0	0	0	0	0	0	0	1
95	20	30	1	eff_center01	0	0	0	0	0	1	1	0.5	3	2	2	1	1	100	10	0	0	5.75	1	0	0	0	0	0	0	0	0	0	0	1
97	30	10	0	eff_center01	0	0	0	0	0	1	0	0	99	0	99	1	1	100	12	15	0	5.75	1	0	0	0	0	0	0	0	0	0	0	1
98	0	20	2	origin	0	0	0	0	0	2	1	0.5	6.5	2	5.5	1	1	100	3	0	0	5.75	1	0	0	0	0	0	0	0	0	0	0	1
100	40	0	0	origin	0	0	0	0	0	1	0	0	99	0	99	1	1	100	7	0	0	5.75	1	0	0	0	0	0	0	0	0	0	0	1
103	1	20	0	eff_front01	0	0	0	0	0	1	1	0.5	4.5	2	3.5	1	1	100	10	30	0	5.75	1	0	0	0	0	0	0	0	0	0	0	1
104	40	10	0	eff_center01	0	0	0	0	0	1	0	0	99	0	99	1	1	100	15	0	0	5.75	1	0	0	0	0	0	0	0	0	0	0	1
105	25	30	0	eff_center01	0	0	0	0	0	1	0	0	99	0	99	1	1	100	15	0	0	5.75	1	0	0	0	0	0	0	0	0	0	0	1
106	30	10	0	eff_center01	0	0	0	0	0	1	0	0	99	0	99	1	1	100	6	15	0	5.75	1	0	0	0	0	0	0	0	0	0	0	1
108	1	20	4	origin	0	0	0	0	0	1	0	0	99	0	99	1	1	100	10	0	0	5.75	1	0	0	0	0	0	0	0	0	0	0	1
109	20	40	0	eff_rangeattack02	0	0	-0.1	0	0	1	3	1	99	0	9	1	1	100	6	0	0	5.75	1	0	0	0	0	0	0	0	0	0	0	1
113	40	20	0	eff_center01	0	0	0	0	0	1	0	0	99	0	99	1	1	100	12	35	0	5.75	1	0	0	0	0	0	0	0	0	0	0	1
114	20	20	4	origin	0	0	0	0	0	1	0	0	99	0	99	1	1	100	15	10	0	5.75	1	0	0	0	0	0	0	0	0	0	0	1
115	40	20	0	eff_center01	0	0	0	0	0	1	0	0	99	0	99	1	1	100	12	35	0	5.75	1	0	0	0	0	0	0	0	0	0	0	1
116	30	20	0	eff_center01	0	0	0	0	0	1	0	0	99	0	99	1	1	100	10	30	0	5.75	1	0	0	0	0	0	0	0	0	0	0	1
118	1	20	0	eff_center01	0	0	0	0	0	1	0	0	99	0	99	1	1	100	4	0	0	5.75	1	0	0	0	0	0	0	0	0	0	0	1
120	60	30	0	eff_center01	0	0	0	0	0	1	1	0.5	2	2	1	1	1	100	15	0	0	5.75	1	0	0	0	0	0	0	0	0	0	0	1
122	10	20	0	eff_front01	0	0	1	0	0	1	1	0.5	2	2	99	1	1	100	6	0	0	5.75	1	0	0	0	0	0	0	0	0	0	0	1
126	35	30	0	eff_rangeattack02	0	0	0	0	0	1	3	1	99	0	7	1	1	85	10	0	0	5.75	1	0	0	0	0	0	0	0	0	0	0	1
127	15	24	0	origin	0	0	0	0	0	1	1	0	6	2	5	1	1	100	8	0	0	5.75	1	0	0	0	0	0	0	0	0	0	0	1
129	10	15	0	eff_rangeattack02	0	0	0	0	0	1	3	1	99	0	14	1	1	100	5	0	0	5.75	1	0	0	0	0	0	0	0	0	0	0	1
133	1	20	0	eff_center01	0	0	0	0	0	1	0	0	99	0	99	1	1	100	9	30	0	5.75	1	0	0	0	0	0	0	0	0	0	0	1
137	10	20	0	eff_front01	0	0	0	0	0	1	1	0.5	3.5	2	2.5	1	1	100	8	0	0	5.75	1	0	0	0	0	0	0	0	0	0	0	1
141	10	0	0	eff_front01	0	0	0.3	0	0	1	1	0.5	2	2	99	1	1	100	9	0	0	5.75	1	0	0	0	0	0	0	0	0	0	0	1
150	30	30	0	eff_rangeattack02	0	0	0	0	0	2	0	0	99	0	99	1	1	100	4	0	0	5.75	1	0	0	0	0	0	0	0	0	0	0	1
151	1	20	0	eff_center01	0	0	0	0	0	1	0	0	99	0	99	1	1	100	9	30	0	5.75	1	0	0	0	0	0	0	0	0	0	0	1
153	50	30	0	eff_center01	0	0	0	0	0	0.5	1	0.5	2	2	1	1	1	100	15	0	0	5.75	1	0	0	0	0	0	0	0	0	0	0	1
157	20	30	1	eff_center01	0	7	0	0	0	1	3	1	99	0	99	1	1	100	7	0	0	5.75	1	0	0	0	0	0	0	0	0	0	0	1
162	20	20	0	eff_front01	0	0	0.5	0	0	1	1	0.5	2	2	99	1	1	100	9	0	0	5.75	1	0	0	0	0	0	0	0	0	0	0	1
163	10	20	0	eff_front01	0	0	0.5	0	0	1	1	0.5	2	2	99	1	1	100	7	0	0	5.75	1	0	0	0	0	0	0	0	0	0	0	1
164	1	30	4	eff_rangeattack02	0	0	3	0	0	1	0	0	99	0	99	1	1	100	10	0	0	5.75	1	0	0	0	0	0	0	0	0	0	0	1
172	15	20	0	origin	0	0	0	0	0	1	1	0	6	2	5	1	1	100	6	0	0	5.75	1	0	0	0	0	0	0	0	0	0	0	1
174	1	20	0	eff_center01	0	0	0	0	0	1	0	0	99	0	99	1	1	100	15	15	0	5.75	1	0	0	0	0	0	0	0	0	0	0	1
182	0	45	0	eff_center01	0	0	0	0	0	1	0	0	99	0	99	1	1	100	15	0	0	5.75	1	0	0	0	0	0	0	0	0	0	0	1
183	0	20	2	origin	0	0	0	0	0	2	1	0.5	6.5	2	5.5	1	1	100	3	0	0	5.75	1	0	0	0	0	0	0	0	0	0	0	1
188	15	20	0	eff_rangeattack02	0	0	0	0	0	1	3	0.5	99	0	25	1	1	100	7	0	0	5.75	1	0	0	0	0	0	0	0	0	0	0	1
191	1	20	0	eff_rangeattack02	0	0	0	0	0	1	3	0.5	99	0	99	1	1	100	7	0	0	5.75	1	0	0	0	0	0	0	0	0	0	0	1
192	50	30	0	eff_rangeattack02	0	0	0	0	0	1	3	0	99	0	12	1	1	100	15	0	0	5.75	1	0	0	0	0	0	0	0	0	0	0	1
195	30	20	0	origin	0	0	1	0	0	1	1	0.5	2	2	1	1	1	100	20	0	0	5.75	1	0	0	0	0	0	0	0	0	0	0	1
196	20	15	1	origin	0	0	0	0	0	1	3	1	99	0	99	1	1	100	7	8	0	5.75	1	0	0	0	0	0	0	0	0	0	0	1
197	0	18	0	eff_center01	0	0	0	0	0	1	0	0	99	0	99	1	1	100	13	0	0	5.75	2	0	0	0	0	0	0	0	0	0	0	1
200	30	0	0	eff_front01	0	0	0.5	0	0	2	1	0.5	2	2	99	1	1	100	15	0	0	5.75	1	0	0	0	0	0	0	0	0	0	0	1
202	10	25	0	eff_front01	0	0	0.5	0	0	1	1	0.5	3	2	99	1	1	100	9	0	0	5.75	1	0	0	0	0	0	0	0	0	0	0	1
203	0	15	0	eff_center01	0	0	0	0	0	2	0	0	99	0	99	1	1	100	12	0	0	5.75	1	0	0	0	0	0	0	0	0	0	0	1
204	1	20	1	eff_center01	0	0	0	0	0	1	1	0.5	4	2	3	1	1	100	10	30	0	5.75	1	0	0	0	0	0	0	0	0	0	0	1
205	15	20	0	origin	0	0	0	0	0	1	1	0	6	2	5	1	1	100	6	0	0	5.75	1	0	0	0	0	0	0	0	0	0	0	1
209	15	24	0	origin	0	0	0	0	0	1	1	0	6	2	5	1	1	100	6	0	0	5.75	1	0	0	0	0	0	0	0	0	0	0	1
211	10	20	0	eff_front01	0	0	0.5	0	0	1	1	0.5	2	2	99	1	1	100	7	15	0	5.75	1	0	0	0	0	0	0	0	0	0	0	1
219	20	20	0	eff_center01	0	0	0	0	0	1	0	0	99	0	99	1	1	100	12	0	0	5.75	1	0	0	0	0	0	0	0	0	0	0	1
223	35	15	0	eff_front01	0	0	0.5	0	0	1	1	0.5	2	2	99	1	1	100	12	0	0	5.75	1	0	0	0	0	0	0	0	0	0	0	1
224	17	24	0	origin	0	0	0	0	0	1	1	0	6	2	5	1	1	100	10	0	0	5.75	1	0	0	0	0	0	0	0	0	0	0	1
225	20	30	0	eff_rangeattack02	0	0	0	0	0	1	3	0.5	99	0	4	1	1	100	6	0	0	5.75	1	0	0	0	0	0	0	0	0	0	0	1
231	15	20	0	eff_front01	0	0	0.5	0	0	1	1	0.5	1.5	2	99	1	1	100	10	15	0	5.75	1	0	0	0	0	0	0	0	0	0	0	1
232	10	20	0	eff_front01	0	0	0.5	0	0	1	1	0.5	2	2	99	1	1	100	6	8	0	5.75	1	0	0	0	0	0	0	0	0	0	0	1
234	45	30	0	eff_center01	0	0	0	0	0	1	0	0	99	0	99	1	1	100	15	0	0	5.75	1	0	0	0	0	0	0	0	0	0	0	1
235	45	30	0	eff_center01	0	0	0	0	0	1	0	0	99	0	99	1	1	100	15	0	0	5.75	1	0	0	0	0	0	0	0	0	0	0	1
236	45	40	0	eff_center01	0	0	0	0	0	1	0	0	99	0	99	1	1	100	15	0	0	5.75	1	0	0	0	0	0	0	0	0	0	0	1
239	12	10	1	origin	0	0	0	0	0	1	3	1	99	0	99	1	1	100	6	0	0	5.75	1	0	0	0	0	0	0	0	0	0	0	1
242	10	20	0	eff_front01	0	0	0.3	0	0	2	1	0.5	2	2	99	1	1	100	8	15	0	5.75	1	0	0	0	0	0	0	0	0	0	0	1
245	0	20	2	origin	0	0	0	0	0	2	1	0.5	8.5	2	7	1	1	100	3	0	0	5.75	1	0	0	0	0	0	0	0	0	0	0	1
247	10	30	0	eff_rangeattack02	0	0	0	0	0	1	3	1	99	0	12	1	1	100	8	15	0	5.75	1	0	0	0	0	0	0	0	0	0	0	1
248	10	30	1	origin	0	0	0	0	0	1	3	1	99	0	99	1	1	100	10	0	0	5.75	1	0	0	0	0	0	0	0	0	0	0	1
249	10	20	0	eff_front01	0	0	0.5	0	0	2	1	0.5	2	2	99	1	1	100	6	8	0	5.75	1	0	0	0	0	0	0	0	0	0	0	1
250	10	30	5	origin	0	0	0	0	0	1	3	0.5	99	0	99	1	1	100	7	0	0	5.75	1	0	0	0	0	0	0	0	0	0	0	1
257	30	40	1	origin	0	0	0	0	0	1	3	1	99	0	99	1	1	100	9	0	0	5.75	1	0	0	0	0	0	0	0	0	0	0	1
261	20	40	0	eff_rangeattack02	0	0	0	0	0	1	3	0	99	0	5	1	1	100	10	0	0	5.75	1	0	0	0	0	0	0	0	0	0	0	1
268	30	20	0	eff_center01	0	0	0	0	0	1	0	0	99	0	99	1	1	100	10	15	0	5.75	1	0	0	0	0	0	0	0	0	0	0	1
269	10	20	1	eff_headcenter01	0	0	0	0	0	1	1	0.5	5	2	2	1	1	100	12	0	0	5.75	1	0	0	0	0	0	0	0	0	0	0	1
273	60	30	0	eff_center01	0	0	0	0	0	1	0	0	99	0	99	1	1	100	12	0	0	5.75	1	0	0	0	0	0	0	0	0	0	0	1
280	10	20	0	eff_front01	0	0	0.5	0	0	2	1	0.5	2	2	99	1	1	100	7	0	0	5.75	1	0	0	0	0	0	0	0	0	0	0	1
282	10	20	0	eff_front01	0	0	0.5	0	0	2	1	0.5	2	2	99	1	1	100	10	0	0	5.75	1	0	0	0	0	0	0	0	0	0	0	1
297	1	20	0	eff_center01	0	0	1.5	0	0	1	1	0.5	2	2	1	1	1	100	10	30	0	5.75	1	0	0	0	0	0	0	0	0	0	0	1
304	15	25	0	eff_front01	0	0.2	0	0	0	1	1	0.5	4	2	2	1	1	100	8	0	0	5.75	1	0	0	0	0	0	0	0	0	0	0	1
313	1	20	0	eff_center01	0	0	2	0	0	1	1	0.5	3	2	2	1	1	100	10	30	0	5.75	1	0	0	0	0	0	0	0	0	0	0	1
315	15	30	0	origin	0	0	0	0	0	1	1	0.5	2	2	99	1	1	100	10	30	0	5.75	1	0	0	0	0	0	0	0	0	0	0	1.1
317	25	30	0	eff_front01	0	1.5	2	1	0	1	1	0.5	8	2	7	1	1	100	10	8	0	5.75	1	0	0	0	0	0	0	0	0	0	0	1
319	1	20	0	eff_front01	0	0	0	0	0	1	1	0.5	4.5	2	3.5	1	1	100	10	30	0	5.75	1	0	0	0	0	0	0	0	0	0	0	1
328	10	30	5	origin	0	0	0	0	0	1	3	0.5	99	0	99	1	1	100	7	0	0	5.75	1	0	0	0	0	0	0	0	0	0	0	1
331	20	20	0	eff_rangeattack02	0	0	0	0	0	1	3	0.5	99	0	12	5	5	100	6	0	0	5.75	1	0	0	0	0	0	0	0	0	0	0	1
332	1	20	0	eff_front01	0	0	0.5	0	0	2	1	0.5	2	2	99	1	1	100	9	0	0	5.75	1	0	0	0	0	0	0	0	0	0	0	1
334	1	20	0	eff_center01	0	0	0	0	0	1	0	0	99	0	99	1	1	100	9	30	0	5.75	1	0	0	0	0	0	0	0	0	0	0	1
337	10	20	0	eff_front01	0	0	0.5	0	0	2	1	0.5	2	2	99	1	1	100	8	0	0	5.75	1	0	0	0	0	0	0	0	0	0	0	1
339	40	20	0	eff_center01	0	0	0	0	0	1	0	0	99	0	99	1	1	100	18	12	0	5.75	1	0	0	0	0	0	0	0	0	0	0	1
340	40	20	7	origin	0	0	0	0	0	1	1	0.5	6	2	5	1	1	100	12	0	0	5.75	1	0	0	0	0	0	0	0	0	0	0	1
341	20	20	0	eff_rangeattack02	0	0	0	0	0	1	3	1	99	0	15	1	1	100	6	8	0	5.75	1	0	0	0	0	0	0	0	0	0	0	1
344	10	15	0	origin	0	0	0	0	0	1	1	0	6	2	5	1	1	100	9	0	0	5.75	1	0	0	0	0	0	0	0	0	0	0	1
345	20	30	0	eff_rangeattack02	0	0	0	0	0	1	3	0	99	0	14	1	1	100	6	0	0	5.75	1	0	0	0	0	0	0	0	0	0	0	1
347	40	20	0	eff_center01	0	0	0	0	0	1	0	0	99	0	99	1	1	100	18	12	0	5.75	1	0	0	0	0	0	0	0	0	0	0	1
348	10	20	0	eff_front01	0	0.25	0.5	0	0	2	1	0.5	2	2	99	1	1	100	8	0	0	5.75	1	0	0	0	0	0	0	0	0	0	0	1
350	20	20	0	eff_rangeattack02	0	0	0	0	0	1	3	1	99	0	12	5	5	100	6	0	0	5.75	1	0	0	0	0	0	0	0	0	0	0	1
352	15	15	0	eff_rangeattack02	0	0	0	0	0	1	3	1	99	0	6	1	1	100	6	0	0	5.75	1	0	0	0	0	0	0	0	0	0	0	1
369	10	0	0	eff_front01	0	0	0.5	0	0	1	1	0.5	2	2	99	1	1	100	12	0	0	5.75	1	0	0	0	0	0	0	0	0	0	0	1
370	30	10	2	origin	0	0	0	0	0	1	1	0.5	2	2	1	1	1	100	12	15	0	5.75	1	0	0	0	0	0	0	0	0	0	0	1
377	15	30	1	eff_center01	0	0	0	0	0	1	1	0.5	5	2	3	1	1	100	12	0	0	5.75	1	0	0	0	0	0	0	0	0	0	0	1
390	1	20	0	eff_rangeattack02	0	0	0	0	0	1	3	0	99	0	99	1	1	100	7	0	0	5.75	1	0	0	0	0	0	0	0	0	0	0	1
392	50	20	0	eff_center01	0	0	0	0	0	1	0	0	99	0	99	1	1	100	10	0	0	5.75	1	0	0	0	0	0	0	0	0	0	0	1
394	15	18	0	origin	0	0	0	0	0	1	1	0	6	2	5	1	1	100	8	0	0	5.75	1	0	0	0	0	0	0	0	0	0	0	1
396	20	30	0	eff_rangeattack02	0	0	0	0	0	1	3	1	99	0	14	1	1	100	8	0	0	5.75	1	0	0	0	0	0	0	0	0	0	0	1
398	10	20	0	eff_front01	0	0	0.5	0	0	2	1	0.5	2	2	99	1	1	100	8	0	0	5.75	1	0	0	0	0	0	0	0	0	0	0	1
399	20	20	0	eff_rangeattack02	0	0	0	0	0	1	3	1	99	0	12	1	1	100	8	0	0	5.75	1	0	0	0	0	0	0	0	0	0	0	1
400	10	20	0	eff_front01	0	0	0.5	0	0	2	1	0.5	2	2	99	1	1	100	7	0	0	5.75	1	0	0	0	0	0	0	0	0	0	0	1
403	20	20	0	eff_rangeattack02	0	0	0	0	0	1	3	0	99	0	12	1	1	95	7	0	0	5.75	1	0	0	0	0	0	0	0	0	0	0	1
404	10	20	0	eff_front01	0	0	0.5	0	0	1	1	0.5	2	2	99	1	1	100	8	0	0	5.75	1	0	0	0	0	0	0	0	0	0	0	1
405	20	20	0	eff_rangeattack02	0	0	0	0	0	1	3	0	99	0	6	1	1	100	8	15	0	5.75	1	0	0	0	0	0	0	0	0	0	0	1.2
406	20	15	0	eff_rangeattack02	0	0	0	0	0	1	3	1	99	0	6	1	1	100	8	0	0	5.75	1	0	0	0	0	0	0	0	0	0	0	1.2
407	25	20	2	origin	0	0	0	0	0	1	1	0.5	3	2	4	1	1	100	12	0	0	5.75	1	0	0	0	0	0	0	0	0	0	0	1
408	30	60	0	eff_rangeattack02	0	0	0	0	0	1	3	0	99	0	19	1	1	100	8	0	0	5.75	1	0	0	0	0	0	0	0	0	0	0	1
411	25	30	0	eff_rangeattack02	0	0	0	0	0	1	3	1	99	0	12	1	1	70	12	15	0	5.75	1	0	0	0	0	0	0	0	0	0	0	1
412	20	30	0	eff_rangeattack02	0	0	0	0	0	1	3	1	99	0	12	1	1	100	8	15	0	5.75	1	0	0	0	0	0	0	0	0	0	0	1
413	15	19	0	origin	0	0	0	0	0	1	1	0	6	2	5	1	1	100	10	0	0	5.75	1	0	0	0	0	0	0	0	0	0	0	1
414	35	30	5	origin	0	0	0	0	0	1	3	1	99	0	99	1	1	100	8	15	0	5.75	1	0	0	0	0	0	0	0	0	0	0	1
416	20	0	2	origin	0	0	0	0	0	1	1	0.5	3	2	4	1	1	100	20	0	0	5.75	1	0	0	0	0	0	0	0	0	0	0	1
417	25	20	0	eff_center01	0	0	0	0	0	1	0	0	99	0	99	1	1	100	15	20	0	5.75	1	0	0	0	0	0	0	0	0	0	0	1
418	0	20	2	origin	0	0	0	0	0	2	1	0.5	6.5	2	5.5	1	1	100	3	0	0	5.75	1	0	0	0	0	0	0	0	0	0	0	1
420	0	20	0	eff_rangeattack02	0	0	0	0	0	1	3	0.5	99	0	12	1	1	100	3	0	0	5.75	1	0	0	0	0	0	0	0	0	0	0	1
421	10	20	0	eff_front01	0	0	0.5	0	0	1	1	0.5	2	2	99	1	1	100	7	0	0	5.75	1	0	0	0	0	0	0	0	0	0	0	1
422	10	20	0	eff_front01	0	0	0.3	0	0	2	1	0.5	2	2	99	1	1	100	6	0	0	5.75	1	0	0	0	0	0	0	0	0	0	0	1
423	10	20	0	eff_front01	0	0	0.3	0	0	2	1	0.5	2	2	99	1	1	100	6	0	0	5.75	1	0	0	0	0	0	0	0	0	0	0	1
424	10	20	0	eff_front01	0	0	0.3	0	0	2	1	0.5	2	2	99	1	1	100	6	0	0	5.75	1	0	0	0	0	0	0	0	0	0	0	1
425	0	10	5	origin	0	0	0	0	0	1	1	0.5	7.5	2	6.5	1	1	100	3	0	0	5.75	1	0	0	0	0	0	0	0	0	0	0	1
427	10	20	0	eff_front01	0	0	0.5	0	0	1	1	0.5	2	2	99	1	1	100	7	0	0	5.75	1	0	0	0	0	0	0	0	0	0	0	1
428	15	20	0	eff_front01	0	0	0.5	0	0	1	1	0.5	2	2	99	1	1	100	8	0	0	5.75	1	0	0	0	0	0	0	0	0	0	0	1
430	20	20	0	eff_rangeattack02	0	0	0	0	0	1	3	1	99	0	12	1	1	100	8	15	0	5.75	1	0	0	0	0	0	0	0	0	0	0	1
434	40	80	1	origin	0	0	0	0	0	1	3	0	99	0	99	1	1	100	10	30	0	5.75	1	0	0	0	0	0	0	0	0	0	0	0.8
435	12	30	0	origin	0	0	0	0	0	1	1	0.5	2	2	99	1	1	100	8	0	0	5.75	1	0	0	0	0	0	0	0	0	0	0	1.25
436	12	30	0	origin	0	0	0	0	0	1	1	0.5	2	2	99	1	1	100	8	0	0	5.75	1	0	0	0	0	0	0	0	0	0	0	1.25
437	20	10	0	eff_rangeattack02	0	0	0	0	0	1	3	1	99	0	6	1	1	100	10	30	0	5.75	1	0	0	0	0	0	0	0	0	0	0	1
438	20	0	0	origin	0	0	1.2	0	0	1	1	0.5	2	2	99	1	1	100	12	0	0	5.75	1	0	0	0	0	0	0	0	0	0	0	1
441	30	20	0	eff_rangeattack02	0	0	0	0	0	1	3	1	99	0	15	1	1	100	10	0	0	5.75	1	0	0	0	0	0	0	0	0	0	0	1
442	15	20	0	eff_front01	0	0	0.5	0	0	1	1	0.5	2	2	99	1	1	100	8	0	0	5.75	1	0	0	0	0	0	0	0	0	0	0	1
444	15	20	4	origin	0	0	3	0	0	1	1	0.5	3	2	99	1	1	100	10	0	0	5.75	1	0	0	0	0	0	0	0	0	0	0	1
446	30	30	0	origin	0	0	0	2	0	1	3	0.5	99	0	99	1	1	100	10	0	0	5.75	1	0	0	0	0	0	0	0	0	0	0	1
452	15	0	0	origin	0	0	2	0	0	1	1	0.5	2	2	99	1	1	100	10	0	0	5.75	1	0	0	0	0	0	0	0	0	0	0	1
453	0	20	2	origin	0	0	0	0	0	2	1	0.5	6.5	2	5.5	1	1	100	3	0	0	5.75	1	0	0	0	0	0	0	0	0	0	0	1
457	15	24	0	origin	0	0	0	0	0	1	1	0	6	2	5	1	1	100	10	0	0	5.75	1	0	0	0	0	0	0	0	0	0	0	1
473	20	30	1	eff_center01	0	0	0	0	0	1	3	1	99	0	99	1	1	100	8	0	0	5.75	1	0	0	0	0	0	0	0	0	0	0	1
482	15	40	0	origin	0	0	0	0	0	1	1	0.5	2	2	99	1	1	100	8	0	0	5.75	1	0	0	0	0	0	0	0	0	0	0	1.1
484	25	20	2	origin	0	0	0	0	0	1	1	1	3	2	2	1	1	100	10	0	0	5.75	1	0	0	0	0	0	0	0	0	0	0	1
521	10	0	0	eff_front01	0	0	0.5	0	0	1	1	0.5	2	2	99	1	1	100	12	0	0	5.75	1	0	0	0	0	0	0	0	0	0	0	1
523	15	20	4	origin	0	0	0	0	0	1	1	0.5	2	2	99	1	1	100	6	8	0	5.75	1	0	0	0	0	0	0	0	0	0	0	1.25
526	40	20	0	eff_center01	0	0	0	0	0	1	0	0	99	0	99	1	1	100	15	12	0	5.75	1	0	0	0	0	0	0	0	0	0	0	1
527	10	30	5	origin	0	0	0	0	0	1	1	0.5	3	2	2	1	1	100	7	5.1	0	5.75	1	0	0	0	0	0	0	0	0	0	0	1
528	15	20	0	origin	0	0	0	0	0	1	1	0	6	2	5	1	1	100	8	0	0	5.75	1	0	0	0	0	0	0	0	0	0	0	1
529	15	20	0	origin	0	0	0	0	0	1	1	0	6	2	5	1	1	100	8	0	0	5.75	1	0	0	0	0	0	0	0	0	0	0	1
532	10	0	0	eff_front01	0	0	0.5	0	0	2	1	0.5	2	2	99	1	1	100	9	0	0	5.75	1	0	0	0	0	0	0	0	0	0	0	1
535	25	20	2	origin	0	0	0	0	0	1	1	1	3	2	2	1	1	100	10	0	0	5.75	1	0	0	0	0	0	0	0	0	0	0	1
538	1	20	0	eff_center01	0	0	0	0	0	1	0	0	99	0	99	1	1	100	10	40	0	5.75	1	0	0	0	0	0	0	0	0	0	0	1
540	20	30	0	eff_rangeattack02	0	0	0	0	0	1	3	0.5	99	0	12	1	1	100	9	0	0	5.75	1	0	0	0	0	0	0	0	0	0	0	1
542	30	50	1	origin	0	0	0	0	0	1	3	1	99	0	99	1	1	100	10	0	0	5.75	1	0	0	0	0	0	0	0	0	0	0	0.8
555	10	20	0	eff_face01	0	0	0.3	0	0	1	1	0.5	3	2	99	1	1	100	9	8	0	5.75	1	0	0	0	0	0	0	0	0	0	0	1
556	20	30	1	eff_center01	0	7	0	1	0	1	3	1	99	0	99	1	1	100	8	0	0	5.75	1	0	0	0	0	0	0	0	0	0	0	1
560	30	20	7	origin	0	0	0	0	0	1	1	0.5	6	2	5	1	1	100	9	0	0	5.75	1	0	0	0	0	0	0	0	0	0	0	1
564	1	30	5	origin	0	0	0	0	0	1	1	0.5	4	2	3	1	1	100	7	5.1	0	5.75	1	0	0	0	0	0	0	0	0	0	0	1
566	40	20	6	origin	0	0	0	0	0	1	1	0.5	8	2	7	1	1	100	12	0	0	5.75	1	0	0	0	0	0	0	0	0	0	0	1
567	10	30	1	origin	0	0	0	0	0	1	1	0.5	5	2	3	1	1	100	10	0	0	5.75	1	0	0	0	0	0	0	0	0	0	0	1
570	10	25	0	eff_front01	0	0	0.5	0	0	1	1	0.5	3	2	99	1	1	100	9	0	0	5.75	1	0	0	0	0	0	0	0	0	0	0	1
571	10	30	1	origin	0	0	0	0	0	1	1	0.5	5	2	3	1	1	100	10	0	0	5.75	1	0	0	0	0	0	0	0	0	0	0	1
573	10	30	0	origin	0	0	0	0	0	1	1	0.5	2	2	99	1	1	100	9	0	0	5.75	1	0	0	0	0	0	0	0	0	0	0	1
574	10	15	0	eff_rangeattack02	0	0	0	0	0	1	1	0.5	3	2	6	1	1	100	6	0	0	5.75	1	0	0	0	0	0	0	0	0	0	0	1
575	15	0	0	eff_front01	0	0	2.3	0	0	1	1	0.5	3	2	2	1	1	100	12	15	0	5.75	1	0	0	0	0	0	0	0	0	0	0	1
576	10	20	1	eff_center01	0	0	0	0	0	1	1	0.5	3	2	2	1	1	100	10	0	0	5.75	1	0	0	0	0	0	0	0	0	0	0	1
577	10	25	0	eff_front01	0	0	0.5	0	0	2	1	0.5	2	2	99	1	1	100	7	0	0	5.75	1	0	0	0	0	0	0	0	0	0	0	1
583	20	20	2	origin	0	0	0	0	0	1	1	0.5	3	2	3	1	1	100	8	15	0	5.75	1	0	0	0	0	0	0	0	0	0	0	1
584	12	10	1	origin	0	0	0	0	0	1	3	1	99	0	99	1	1	100	6	0	0	5.75	1	0	0	0	0	0	0	0	0	0	0	1
585	20	30	0	eff_rangeattack02	0	0	0	0	0	1	3	1	99	0	12	1	1	100	8	15	0	5.75	1	0	0	0	0	0	0	0	0	0	0	1
586	20	30	0	origin	0	0	0	0	0	1	1	0.5	2	2	99	1	1	100	12	0	0	5.75	1	0	0	0	0	0	0	0	0	0	0	1
588	0	45	0	eff_center01	0	0	0	0	0	2	0	0	99	0	99	1	1	100	15	15	0	5.75	1	0	0	0	0	0	0	0	0	0	0	1
591	20	20	0	eff_rangeattack02	0	0	0	0	0	1	3	0.5	99	0	6	1	1	100	10	30	0	5.75	1	0	0	0	0	0	0	0	0	0	0	1
592	30	60	0	eff_rangeattack02	0	0	0	0	0	1	3	0	99	0	19	1	1	100	10	0	0	5.75	1	0	0	0	0	0	0	0	0	0	0	1
593	20	20	7	origin	0	0	0	0	0	1	1	0.5	8	2	7	1	1	100	8	0	0	5.75	1	0	0	0	0	0	0	0	0	0	0	1
594	0	20	0	eff_rangeattack02	0	0	0	0	0	1	3	1	99	0	12	5	5	100	3	0	0	5.75	1	0	0	0	0	0	0	0	0	0	0	1
595	20	30	0	eff_rangeattack02	0	0	0	0	0	1	3	0.5	99	0	4.5	1	1	100	8	8	0	5.75	1	0	0	0	0	0	0	0	0	0	0	1
596	0	45	0	eff_center01	0	0	0	0	0	2	0	0	99	0	99	1	1	100	15	0	0	5.75	1	0	0	0	0	0	0	0	0	0	0	1
598	1	20	1	eff_center01	0	0	0	0	0	1	1	0.5	4	2	3	1	1	100	10	30	0	5.75	1	0	0	0	0	0	0	0	0	0	0	1
601	80	30	0	eff_center01	0	0	0	0	0	1	0	0	99	0	99	1	1	100	30	20	0	5.75	1	0	0	0	0	0	0	0	0	0	0	1
605	10	30	0	eff_center01	0	0	0	0	0	1	1	0.5	2	2	99	1	1	100	8	0	0	5.75	1	0	0	0	0	0	0	0	0	0	0	1
609	10	20	0	eff_front01	0	0	0.5	0	0	2	1	0.5	2	2	99	1	1	100	6	0	0	5.75	1	0	0	0	0	0	0	0	0	0	0	1
611	10	20	0	eff_front01	0	0	0.5	0	0	1	1	0.5	2	2	99	1	1	100	6	20	0	5.75	1	0	0	0	0	0	0	0	0	0	0	1
612	15	20	0	eff_front01	0	0	0.5	0	0	1	1	0.5	2	2	99	1	1	100	10	4.5	0	5.75	1	0	0	0	0	0	0	0	0	0	0	1
613	30	60	0	eff_directionattack01	0	0	0	0	0	1	3	0	99	0	19	1	1	100	12	0	0	5.75	1	0	0	0	0	0	0	0	0	0	0	1
614	35	30	1	eff_center01	0	7	0	0	0	1	3	1	99	0	99	1	1	100	10	0	0	5.75	1	0	0	0	0	0	0	0	0	0	0	1
615	20	30	4	origin	0	0	0	0	0	1	1	0.5	2	2	99	1	1	100	10	0	0	5.75	1	0	0	0	0	0	0	0	0	0	0	1
616	25	30	5	origin	0	0	0	0	0	1	3	1	99	0	99	1	1	100	8	0	0	5.75	1	0	0	0	0	0	0	0	0	0	0	1
617	40	60	0	eff_rangeattack02	0	0	0	0	0	1	3	0	99	0	19	1	1	100	15	0	0	5.75	1	0	0	0	0	0	0	0	0	0	0	1
621	35	30	1	eff_center01	0	0	0	0	0	1	3	1	99	0	99	1	1	100	10	15	0	5.75	1	0	0	0	0	0	0	0	0	0	0	1
670	20	15	0	eff_rangeattack02	0	0	0	0	0	1	3	1	99	0	12	1	1	100	6	0	0	5.75	1	0	0	0	0	0	0	0	0	0	0	1
679	20	20	2	origin	0	0	0	0	0	1	1	0.5	3	2	3	1	1	100	9	8	0	5.75	1	0	0	0	0	0	0	0	0	0	0	1
687	35	60	0	eff_rangeattack02	0	0	0	0	0	1	3	0	99	0	19	1	1	100	15	0	0	5.75	1	0	0	0	0	0	0	0	0	0	0	1
693	10	20	0	eff_center01	0	0.25	0	0	0	1	1	0.5	2	2	99	1	1	100	6	0	0	5.75	1	0	0	0	0	0	0	0	0	0	0	1
710	10	20	0	eff_front01	0	0	0.5	0	0	1	1	0.5	2	2	99	1	1	100	8	15	0	5.75	1	0	0	0	0	0	0	0	0	0	0	1
748	50	20	0	eff_center01	0	0	0	0	0	1	0	0	99	0	99	1	1	100	60	15	0	5.75	1	0	0	0	0	0	0	0	0	0	0	1
784	10	20	0	eff_front01	0	0	0.5	0	0	1	1	0.5	1.5	2	99	1	1	100	9	8	0	5.75	1	0	0	0	0	0	0	0	0	0	0	1
812	10	0	0	eff_front01	0	0	0.5	0	0	1	1	1	2	2	99	1	1	100	12	0	0	5.75	1	0	0	0	0	0	0	0	0	0	0	1
920	1	60	0	eff_rangeattack02	0	0	0	0	0	1	3	0	99	0	19	1	1	100	15	0	0	5.75	1	0	0	0	0	0	0	0	0	0	0	1
